name,space,search_ef,max_neighbors,documents,index_time_ms,semantic_recall_at_5,semantic_mrr,semantic_latency_ms,hybrid_recall_at_5,hybrid_mrr,hybrid_latency_ms
cosine_fast,cosine,20,12,1200,1248.0140999978175,0.8571428571428571,0.8571428571428571,2.461685715908451,1.0,0.9285714285714286,54.63912856690253
cosine_balanced,cosine,50,16,1200,1533.1622999947285,1.0,1.0,2.1677142815730934,1.0,1.0,54.87517142942774
cosine_accurate,cosine,100,32,1200,1194.0777999989223,1.0,1.0,2.301585710873561,1.0,1.0,53.20972857173599
l2_balanced,l2,50,16,1200,1456.5431000082754,1.0,1.0,2.6364714285591617,1.0,1.0,55.54652857244946
ip_balanced,ip,50,16,1200,1352.9410999908578,0.8571428571428571,0.8571428571428571,2.543285715676445,1.0,0.9285714285714286,53.50770000118895
